<?xml version="1.0" encoding="UTF-8"?>
<project-private xmlns="http://www.netbeans.org/ns/project-private/1">
    <editor-bookmarks xmlns="http://www.netbeans.org/ns/editor-bookmarks/2" lastBookmarkId="0"/>
    <open-files xmlns="http://www.netbeans.org/ns/projectui-open-files/2">
        <group>
            <file>file:/C:/Users/comp/Documents/NetBeansProjects/LIbraryOnline/web/issuebookstart.jsp</file>
            <file>file:/C:/Users/comp/Documents/NetBeansProjects/LIbraryOnline/src/java/gayatri/randomnum.java</file>
            <file>file:/C:/Users/comp/Documents/NetBeansProjects/LIbraryOnline/web/registrationlibrarian.jsp</file>
            <file>file:/C:/Users/comp/Documents/NetBeansProjects/LIbraryOnline/web/issuebookdb.jsp</file>
            <file>file:/C:/Users/comp/Documents/NetBeansProjects/LIbraryOnline/web/index.html</file>
            <file>file:/C:/Users/comp/Documents/NetBeansProjects/LIbraryOnline/web/LogIn.jsp</file>
            <file>file:/C:/Users/comp/Documents/NetBeansProjects/LIbraryOnline/web/issuebook.jsp</file>
            <file>file:/C:/Users/comp/Documents/NetBeansProjects/LIbraryOnline/build/generated/src/org/apache/jsp/issuebook_jsp.java</file>
            <file>file:/C:/Users/comp/Documents/NetBeansProjects/LIbraryOnline/web/insertlibrarian.jsp</file>
        </group>
    </open-files>
</project-private>
