<?xml version="1.0" encoding="UTF-8"?>
<project-private xmlns="http://www.netbeans.org/ns/project-private/1">
    <editor-bookmarks xmlns="http://www.netbeans.org/ns/editor-bookmarks/2" lastBookmarkId="0"/>
    <open-files xmlns="http://www.netbeans.org/ns/projectui-open-files/2">
        <group>
            <file>file:/C:/Users/Gayatri/Documents/NetBeansProjects/LibraryOnline/LibraryOnline/web/viewlibrarian.jsp</file>
            <file>file:/C:/Users/Gayatri/Documents/NetBeansProjects/LibraryOnline/LibraryOnline/web/librarianlogin.jsp</file>
            <file>file:/C:/Users/Gayatri/Documents/NetBeansProjects/LibraryOnline/LibraryOnline/web/issuebook.jsp</file>
            <file>file:/C:/Users/Gayatri/Documents/NetBeansProjects/LibraryOnline/LibraryOnline/web/viewbook.jsp</file>
            <file>file:/C:/Users/Gayatri/Documents/NetBeansProjects/LibraryOnline/LibraryOnline/web/LogIn.jsp</file>
            <file>file:/C:/Users/Gayatri/Documents/NetBeansProjects/LibraryOnline/LibraryOnline/web/librarianjava.jsp</file>
            <file>file:/C:/Users/Gayatri/Documents/NetBeansProjects/LibraryOnline/LibraryOnline/web/registrationlibrarian.jsp</file>
        </group>
    </open-files>
</project-private>
