{
  "project_info": {
    "project_number": "607242905660",
    "firebase_url": "https://otpverfication-842c5.firebaseio.com",
    "project_id": "otpverfication-842c5",
    "storage_bucket": "otpverfication-842c5.appspot.com"
  },
  "client": [
    {
      "client_info": {
        "mobilesdk_app_id": "1:607242905660:android:a1af1664f49fb853",
        "android_client_info": {
          "package_name": "com.project.evoqis.otpverfication"
        }
      },
      "oauth_client": [
        {
          "client_id": "607242905660-5ub5l30oc5ngadgt1hggp0gugi0egv9o.apps.googleusercontent.com",
          "client_type": 1,
          "android_info": {
            "package_name": "com.project.evoqis.otpverfication",
            "certificate_hash": "a30285ff39c642ba780df66d8206bd6c1c675784"
          }
        },
        {
          "client_id": "607242905660-pcduaugmn4h0sd5ro00n477tr35fdf37.apps.googleusercontent.com",
          "client_type": 3
        }
      ],
      "api_key": [
        {
          "current_key": "AIzaSyCKEs0Iom-mtHEOFpXzHckF0ghFl72v404"
        }
      ],
      "services": {
        "analytics_service": {
          "status": 1
        },
        "appinvite_service": {
          "status": 2,
          "other_platform_oauth_client": [
            {
              "client_id": "607242905660-pcduaugmn4h0sd5ro00n477tr35fdf37.apps.googleusercontent.com",
              "client_type": 3
            }
          ]
        },
        "ads_service": {
          "status": 2
        }
      }
    }
  ],
  "configuration_version": "1"
}